mes,receita_liquida,meta_receita,margem_contribuicao,meta_margem,clientes_novos,pedidos,ticket_medio
2025-01,1180000,1200000,0.312,0.31,2140,8460,139.48
2025-02,1210000,1220000,0.316,0.31,2200,8605,140.62
2025-03,1270000,1250000,0.319,0.31,2310,8890,142.86
2025-04,1290000,1280000,0.321,0.31,2360,9010,143.17
2025-05,1340000,1320000,0.324,0.31,2480,9250,144.86
2025-06,1310000,1350000,0.319,0.31,2420,9050,144.75
2025-07,1370000,1380000,0.314,0.31,2510,9190,149.07
2025-08,1360000,1410000,0.309,0.31,2460,9025,150.69
2026-01,1240000,1320000,0.304,0.32,2280,8510,145.71
2026-02,1260000,1340000,0.301,0.32,2310,8460,148.94
2026-03,1300000,1370000,0.298,0.32,2390,8580,151.51
2026-04,1320000,1400000,0.302,0.32,2420,8660,152.42
2026-05,1350000,1430000,0.305,0.32,2440,8720,154.82
2026-06,1330000,1450000,0.307,0.32,2380,8500,156.47
2026-07,1380000,1480000,0.306,0.32,2470,8620,160.09
2026-08,1370000,1500000,0.309,0.32,2390,8550,160.23
